{"acc_train_2":1.4907515359477468,"best_avg_acc_test":5.976798940104879,"_step":49,"acc_val_1":1.8927364824869175,"learning_rate":7.2900000000000005e-06,"best_acc_test_3":7.855538817438091,"acc_train_3":1.8660666559338195,"best_acc_val_1":5.392238658783961,"best_acc_test_2":6.419873517108223,"best_acc_val_3":7.930063097557217,"acc_train_0":0.9023396804530384,"_timestamp":1.7434485026484742e+09,"train_loss":2.9265100049806776,"best_acc_val_0":4.252495613160024,"acc_val_3":2.9690160832560917,"best_acc_val_2":6.449044765034828,"best_acc_test_0":4.278930802153919,"acc_val_2":2.3067515995769843,"_wandb":{"runtime":16352},"best_acc_test_1":5.352852623719282,"acc_train_1":1.223123909947506,"_runtime":16307.938887715,"acc_val_0":1.3982165182427184,"val_loss":9.595942218129228,"best_avg_acc_val":6.005960533634007,"epoch":50}