{"best_avg_acc_test":4.903509893189396,"learning_rate":0.0001,"_runtime":27569.553323196,"acc_val_1":0.307582319944495,"_step":49,"best_acc_test_2":4.993513168321447,"epoch":50,"best_acc_val_1":4.551425069612225,"acc_val_3":0.2793982608589379,"best_acc_val_0":3.498480921281808,"best_avg_acc_val":4.939566401397837,"acc_train_2":0.3074436602567358,"acc_train_3":0.23356395165453084,"val_loss":0.17508913782553945,"best_acc_val_2":5.030802395212726,"best_acc_test_3":6.599827598633139,"best_acc_test_0":3.5177274891271857,"_wandb":{"runtime":27644},"train_loss":0.12046665266622397,"acc_train_0":0.14892236329412925,"acc_train_1":0.2627987588914823,"acc_val_0":0.16734029076124174,"_timestamp":1.743459727169737e+09,"best_acc_test_1":4.502971316675812,"acc_val_2":0.3805120684626418,"best_acc_val_3":6.677557219484588}