{"val_loss":0.1671137933324023,"best_acc_test_2":5.258753611778655,"best_avg_acc_val":5.143817116723931,"acc_train_3":0.31744576776968975,"best_acc_test_1":4.6595398937000185,"acc_val_3":0.34476475215679503,"best_acc_val_0":3.5268282091703083,"_wandb":{"runtime":16852},"best_acc_test_3":6.977667574198613,"learning_rate":9e-05,"epoch":50,"acc_val_0":0.28625588308422323,"train_loss":0.12066758732254232,"acc_val_1":0.4085692077164233,"acc_train_2":0.3908804350640823,"acc_val_2":0.43833106618004064,"best_acc_val_3":7.05012595027307,"acc_train_1":0.3502899659613459,"best_acc_val_1":4.699806911138587,"_runtime":16794.645513624,"_timestamp":1.742874925242103e+09,"acc_train_0":0.2726637374612513,"best_avg_acc_test":5.108419646517646,"_step":49,"best_acc_val_2":5.298507396313759,"best_acc_test_0":3.537717506393299}