{"train_loss":3.1719444472157114,"acc_val_2":2.426673441953792,"best_acc_test_1":5.921009892927216,"acc_val_3":3.1568356516786227,"best_acc_test_3":8.197690896579724,"best_acc_test_0":4.373226850833314,"_runtime":8910.95892238,"acc_val_0":1.465150929946548,"best_avg_acc_val":6.44806397669781,"acc_val_1":1.9961983582958955,"_step":49,"acc_train_0":0.9453683251957927,"best_acc_val_2":7.0355090874006745,"best_acc_test_2":6.94418723741402,"_wandb":{"runtime":8957},"acc_train_3":1.9964106544324673,"learning_rate":7.2900000000000005e-06,"_timestamp":1.7427681087367067e+09,"best_acc_val_0":4.406804035182649,"epoch":50,"val_loss":10.366298140549079,"best_avg_acc_test":6.359028719438568,"acc_train_1":1.2730902221297853,"best_acc_val_1":6.011728426044105,"acc_train_2":1.5614659240774111,"best_acc_val_3":8.338214358163809}