{"_wandb":{"runtime":6566},"best_avg_acc_val":0.918487281854144,"epoch":50,"learning_rate":0.0008100000000000001,"acc_train_0":0.3023915975487159,"acc_train_1":0.42926492501230074,"acc_train_3":0.34605009740407194,"val_loss":0.2151836842540803,"best_acc_test_3":1.2387560429186424,"best_acc_test_2":1.0748148384438592,"acc_val_1":0.4527677260777107,"best_acc_val_0":0.5688845688116746,"best_acc_val_2":1.0226804473947961,"train_loss":0.20515512907284023,"_timestamp":1.7427657392169106e+09,"best_acc_val_3":1.207204776382047,"acc_val_3":0.3572310785420893,"_step":49,"best_acc_test_1":0.9023554913371458,"best_acc_val_1":0.8751793348280583,"_runtime":6541.438391764,"acc_val_2":0.47333616896841046,"acc_val_0":0.3003113142759331,"best_avg_acc_test":0.9501074442219503,"acc_train_2":0.47151822055623593,"best_acc_test_0":0.5845034041881538}