{"_step":49,"val_loss":29.27713422077458,"acc_train_0":3.21844539303512,"acc_val_3":6.837130280577501,"acc_val_1":4.721015458332364,"best_acc_val_3":9.569584666469456,"_wandb":{"runtime":16947},"best_acc_val_0":4.773982814165467,"train_loss":32.077132988639114,"learning_rate":1e-06,"acc_train_3":7.2342605310166705,"best_acc_test_1":7.005227273878356,"best_acc_test_2":7.894680920270978,"acc_val_0":2.852419456350755,"acc_val_2":5.436796389755415,"_timestamp":1.7427760866399746e+09,"best_avg_acc_test":7.321231312029422,"acc_train_1":5.024440000778927,"best_acc_val_2":7.870925003285746,"acc_train_2":5.812055280984016,"best_acc_val_1":6.982908616026633,"best_acc_test_0":4.8195949041142665,"epoch":50,"best_avg_acc_val":7.299350274986826,"best_acc_test_3":9.565422149854086,"_runtime":16888.86509134}