{"acc_val_0":0.5651769625869748,"acc_train_3":2.044604171003754,"acc_val_3":1.8304139321050317,"best_acc_test_3":8.193777281034217,"_timestamp":1.7427628846421335e+09,"learning_rate":1e-05,"acc_train_1":1.1355847581455423,"best_acc_val_2":6.883875791225194,"best_acc_val_3":8.220121276913861,"best_avg_acc_test":6.519999408253346,"_wandb":{"runtime":3712},"best_acc_val_0":4.666849937805268,"best_avg_acc_val":6.513910038446279,"acc_val_1":0.9948281543275124,"acc_val_2":1.4673992111779488,"_step":49,"train_loss":3.245770678735691,"best_acc_val_1":6.284793147840792,"_runtime":3697.112299164,"best_acc_test_1":6.275339427203872,"val_loss":3.5002637045170233,"acc_train_2":1.6238764053764752,"epoch":50,"best_acc_test_2":6.8985333813723635,"best_acc_test_0":4.712347543402932,"acc_train_0":0.6862215263281771}