{"epoch":50,"_step":49,"_runtime":6329.994925181,"_timestamp":1.742862781268493e+09,"val_loss":0.2451816380508547,"acc_train_0":0.31097820610892046,"train_loss":0.23077751842876712,"acc_val_1":0.47796645895615114,"_wandb":{"runtime":6358},"acc_val_2":0.48488395529936823,"best_acc_val_2":0.9729172069906301,"best_acc_val_1":0.7212495245486138,"learning_rate":0.008100000000000001,"acc_train_3":0.3499215710836624,"acc_train_1":0.45875485380225595,"best_acc_test_0":0.6550332781402909,"best_acc_test_1":0.7053339088621621,"best_avg_acc_test":0.7794579914272024,"acc_train_2":0.4971210999425929,"acc_val_0":0.3218612899494215,"best_acc_test_3":0.8299890697576441,"best_avg_acc_val":0.8158324246200845,"best_acc_test_2":0.9274757089487126,"best_acc_val_0":0.7345498607361373,"best_acc_val_3":0.8346131062049567,"acc_val_3":0.36791273572333355}