{"epoch":50,"_timestamp":1.7434903159416842e+09,"best_avg_acc_test":0.6190080749349742,"acc_val_3":0.3046087771402825,"acc_train_1":0.4194930946900534,"best_acc_val_3":0.6796428285607283,"best_acc_test_2":0.6642703957442817,"val_loss":0.22311365334760574,"_step":49,"acc_train_3":0.30918710297764346,"train_loss":0.2467603981899277,"acc_val_0":0.29210911629461683,"acc_train_0":0.29481420174378126,"best_acc_val_1":0.6054047803451537,"_wandb":{"runtime":13530},"acc_train_2":0.4338507980395987,"best_acc_test_0":0.5193473252342989,"best_acc_val_0":0.5360013939373618,"acc_val_1":0.3857275376554963,"best_avg_acc_val":0.6186893624461651,"_runtime":13475.163757298,"acc_val_2":0.3954985407690655,"best_acc_test_1":0.6054185277473407,"best_acc_test_3":0.6869960510139758,"learning_rate":0.00059049,"best_acc_val_2":0.6537084469414165}