{"best_acc_test_3":10.047716306463744,"acc_train_2":6.559575169828717,"_runtime":6590.211703973,"val_loss":37.986088140224055,"acc_val_1":5.371121360610275,"best_acc_test_0":5.517680774030794,"acc_train_0":4.61302410111668,"acc_val_3":7.804859855541935,"_step":49,"best_acc_val_2":8.098238017434984,"acc_train_3":8.14049965630409,"train_loss":40.991549031068665,"learning_rate":1e-06,"epoch":50,"best_avg_acc_val":7.663764565760411,"best_acc_test_2":8.131795180154235,"best_acc_test_1":7.076240777108765,"acc_val_2":6.280798535877291,"acc_train_1":5.573864406217141,"best_acc_val_0":5.446369113934116,"best_avg_acc_test":7.693358259439385,"acc_val_0":4.370506768934438,"_wandb":{"runtime":6627},"best_acc_val_1":7.056699632041855,"best_acc_val_3":10.053751499630694,"_timestamp":1.7427657777743618e+09}