{"best_acc_val_1":0.8360187410554483,"best_avg_acc_test":0.9510584424955835,"best_acc_test_0":0.5384712164786774,"_runtime":6316.698483499,"best_acc_test_2":1.0833744715377154,"acc_val_1":0.492733348454158,"acc_train_2":0.48371825072698355,"best_acc_test_3":1.321061826830867,"val_loss":0.24441331843050515,"best_acc_val_0":0.5284823950280456,"_timestamp":1.742862767970499e+09,"acc_train_1":0.4373015666072806,"best_acc_test_1":0.8613262551350743,"acc_val_2":0.5024472722759774,"_step":49,"acc_train_0":0.3062079842270586,"acc_val_0":0.32453875554327083,"acc_val_3":0.36267192032578766,"acc_train_3":0.34980102122015544,"train_loss":0.21392235078720478,"epoch":50,"best_acc_val_2":1.0233089934271433,"_wandb":{"runtime":6358},"best_avg_acc_val":0.9152138603981846,"learning_rate":0.0009000000000000001,"best_acc_val_3":1.2730453120821013}