{"_step":49,"acc_val_0":0.31033446142158877,"acc_train_2":0.47852275278419426,"acc_train_3":0.344878436892143,"best_acc_test_1":0.5119140102271634,"acc_val_1":0.4557403851561868,"best_acc_test_3":0.6078274953338454,"best_acc_test_2":0.5400117392117302,"acc_val_3":0.35541792439419134,"acc_val_2":0.4766990581247486,"_timestamp":1.7427750212491837e+09,"acc_train_1":0.43532826880010905,"best_acc_val_0":0.5663782330666781,"best_acc_val_1":0.5180956492393308,"acc_train_0":0.3033161269251067,"_wandb":{"runtime":15884},"val_loss":0.22425831672621938,"epoch":50,"best_acc_val_2":0.5163581745546107,"learning_rate":0.0008100000000000001,"best_avg_acc_val":0.5547074222299986,"best_acc_val_3":0.6179976320593744,"best_acc_test_0":0.5739806888678486,"train_loss":0.20741144395924388,"best_avg_acc_test":0.5584334834101469,"_runtime":15823.269860544}