{"best_acc_val_2":6.768685635536516,"_timestamp":1.7434912927557547e+09,"best_avg_acc_test":6.220714372203249,"acc_train_3":2.063755621725491,"best_acc_test_2":6.678670529949992,"acc_train_2":1.6409711918088028,"best_acc_val_0":4.282570735930171,"_runtime":14452.018330608,"acc_val_3":2.221390586222685,"best_acc_test_3":7.922904993087898,"acc_train_1":1.3771530967664491,"acc_val_0":0.9313202424461419,"acc_val_2":1.7716276521477117,"acc_train_0":0.8323730392636758,"best_acc_val_1":6.175436331579437,"learning_rate":1e-05,"_step":49,"acc_val_1":1.503321078360232,"best_acc_test_0":4.197957748417039,"best_avg_acc_val":6.302146669316567,"_wandb":{"runtime":14492},"train_loss":3.473678768732493,"best_acc_val_3":7.981893974220143,"epoch":50,"val_loss":4.692086203893026,"best_acc_test_1":6.0833242173580695}