{"best_acc_test_3":5.90084255769625,"best_acc_test_1":4.222721484431014,"acc_val_2":0.3544355611089304,"acc_val_0":0.22808713705517672,"_wandb":{"runtime":14016},"epoch":50,"_timestamp":1.7434908171109295e+09,"best_acc_val_1":4.357700261770749,"learning_rate":0.0001,"best_acc_val_2":4.96885352813166,"best_avg_acc_val":4.6272141836565766,"best_acc_val_3":6.006056380355765,"acc_train_0":0.17839542288425383,"best_acc_test_0":3.0634051582652755,"best_acc_test_2":4.838925875401458,"val_loss":0.17047609016299248,"_step":49,"best_avg_acc_test":4.506473768948499,"acc_val_3":0.2588721780514307,"acc_val_1":0.34151328487564203,"train_loss":0.14751040094419607,"acc_train_1":0.2989184979190117,"acc_train_2":0.33865427582805185,"best_acc_val_0":3.1762465643681312,"_runtime":13976.333132699,"acc_train_3":0.2514699914827199}