{"acc_val_1":4.738531708061166,"best_acc_test_3":9.497197730168109,"best_acc_val_3":9.517173946233035,"best_avg_acc_val":7.094585526267682,"_wandb":{"runtime":16582},"best_acc_test_2":7.527069522954575,"acc_train_0":3.3283927468179813,"acc_train_2":5.518591668117312,"best_acc_val_0":4.865189773726961,"learning_rate":9e-07,"acc_val_0":3.3596477834625884,"best_acc_val_1":6.486867523311283,"best_avg_acc_test":7.108424673210612,"acc_val_2":5.640527414219801,"_timestamp":1.7434486799913595e+09,"best_acc_test_1":6.490599274131632,"epoch":50,"acc_val_3":6.97630877490485,"best_acc_val_2":7.509110861799453,"val_loss":31.150452652597814,"_runtime":16524.195182773,"_step":49,"acc_train_3":6.739515162066695,"best_acc_test_0":4.918832165588129,"train_loss":29.11085875810643,"acc_train_1":4.6432592342166386}