{"best_avg_acc_val":0.6115921448829716,"val_loss":0.21282216870203252,"best_acc_test_2":0.6404322492227341,"acc_val_2":0.47251217627997,"best_acc_test_3":0.7562739942049878,"acc_train_2":0.4705393632901699,"best_acc_test_1":0.5541472841764793,"acc_val_1":0.45838683467377883,"acc_val_0":0.3076303948441599,"_wandb":{"runtime":8827},"_step":49,"acc_val_3":0.35675290600202075,"acc_train_0":0.296734084148334,"best_acc_val_3":0.769678845743656,"epoch":50,"train_loss":0.20185610895430364,"learning_rate":0.00059049,"best_acc_val_0":0.46737347740886276,"best_acc_test_0":0.47045184534066653,"acc_train_3":0.3465172194088482,"acc_train_1":0.42409457964369024,"_runtime":8779.525875735,"best_acc_val_1":0.5724203382602334,"best_acc_val_2":0.6368959181191343,"_timestamp":1.7428666974707887e+09,"best_avg_acc_test":0.6053263432362169}