{"acc_train_0":0.40643688009270823,"best_acc_val_1":0.8251625580046148,"epoch":50,"best_acc_test_2":0.7088251274282175,"acc_val_1":0.47936499969192575,"best_avg_acc_val":0.6845098000949904,"acc_train_3":0.3885817345004547,"_timestamp":1.7434483581272066e+09,"_step":49,"best_acc_val_0":0.7693823570378006,"best_avg_acc_test":0.6503947481811616,"best_acc_val_2":0.7436057871012184,"best_acc_test_0":0.726674453547417,"best_acc_val_3":0.3998884982363278,"_wandb":{"runtime":16208},"_runtime":16163.41379321,"train_loss":0.33935540241134265,"acc_val_2":0.4673892247854945,"best_acc_test_1":0.8149507144188892,"acc_train_1":0.48213663326560763,"acc_train_2":0.4903615117160765,"acc_val_3":0.35792370804927004,"val_loss":0.31261136304072246,"learning_rate":0.006561000000000002,"best_acc_test_3":0.3511286973301226,"acc_val_0":0.41222193069242535}