{"_step":49,"best_acc_test_1":0.7827004197568256,"acc_val_3":0.2875128222137294,"acc_train_0":0.30251336740604196,"acc_train_3":0.318215793089577,"best_acc_val_0":1.1765032176792947,"best_avg_acc_test":0.8530957577714254,"best_acc_val_1":0.7282808591487985,"acc_train_2":0.4458790735815528,"_timestamp":1.743484457091523e+09,"_runtime":7582.33604674,"val_loss":0.2385488368216015,"acc_val_2":0.43740178855816936,"best_acc_val_3":0.7787686621314335,"best_acc_test_3":0.8063893472600854,"epoch":50,"best_acc_test_0":1.2078537313640778,"best_avg_acc_val":0.814118008422215,"acc_train_1":0.42590262932473955,"learning_rate":0.00059049,"acc_val_1":0.40587183672021254,"best_acc_test_2":0.6154395327047131,"best_acc_val_2":0.5729192947293335,"_wandb":{"runtime":7606},"train_loss":0.2571838502968021,"acc_val_0":0.2922000807590423}