{"best_acc_val_0":1.0522458205916527,"_wandb":{"runtime":15146},"best_acc_test_1":0.826151627521611,"acc_val_2":0.7206144622092053,"best_acc_val_1":0.8675388189204767,"train_loss":2.577317620121694,"epoch":20,"best_acc_val_2":1.5835607352359429,"learning_rate":1e-06,"_step":19,"best_avg_acc_test":1.6377779154214052,"best_acc_test_3":3.0831532622043025,"best_acc_val_3":3.0814245739524484,"acc_val_3":1.1916095093630856,"best_acc_test_0":1.0980894368456238,"best_acc_test_2":1.543717335114084,"_timestamp":1.7434564653144338e+09,"val_loss":1.4955269732172527,"acc_val_0":0.35162453053701936,"best_avg_acc_val":1.6461924871751301,"_runtime":14946.070192357,"acc_val_1":0.548229926733207}