{"_timestamp":1.7434862850754683e+09,"best_acc_val_0":0.4974624745286713,"epoch":50,"_step":49,"acc_val_1":0.38706732340980393,"acc_train_1":0.3951606352810946,"_runtime":9443.31706019,"best_acc_test_3":0.6482632649741789,"acc_train_3":0.30770615193250084,"best_acc_test_0":0.4753420414316881,"best_avg_acc_val":0.5819638104097656,"best_acc_test_2":0.5924705398426958,"best_acc_test_1":0.5667097023950275,"acc_train_2":0.4221542514548951,"val_loss":0.2554488717800095,"best_avg_acc_test":0.5706963871608977,"acc_val_3":0.3060972513581669,"acc_val_2":0.42286701575135544,"learning_rate":0.00059049,"_wandb":{"runtime":9472},"acc_train_0":0.2707451888936099,"best_acc_val_1":0.5598792741563906,"acc_val_0":0.3428654149244187,"train_loss":0.2336300452172837,"best_acc_val_3":0.6818433387065355,"best_acc_val_2":0.588670154247465}