{"acc_train_3":2.261049308547527,"best_acc_val_1":6.394978278285476,"best_acc_val_2":7.0137644569095405,"_step":49,"best_acc_test_0":4.621990380917852,"acc_train_2":1.3570318947420343,"_timestamp":1.7434359399801943e+09,"acc_val_2":1.0147762733059795,"_wandb":{"runtime":3778},"acc_train_1":1.075572880614903,"best_avg_acc_test":6.687831664742146,"acc_train_0":0.5914470944072072,"best_avg_acc_val":6.69845533279749,"best_acc_val_3":8.796868606365203,"epoch":50,"acc_val_0":0.4101514556581789,"best_acc_test_2":7.007712646959768,"train_loss":3.1986872633252195,"_runtime":3745.266168851,"best_acc_test_1":6.37654033248531,"acc_val_1":0.7790704851920882,"learning_rate":1e-05,"best_acc_val_0":4.58820998962974,"acc_val_3":1.8273935718810792,"best_acc_test_3":8.745083298605653,"val_loss":2.3211968022633376}