{"_runtime":26332.249824457,"acc_val_0":0.21888016575489008,"best_acc_val_3":0.7632107330428085,"epoch":20,"train_loss":0.3672990724545483,"best_acc_val_1":0.5408593002099187,"val_loss":0.4467949632614378,"best_acc_test_1":0.5169690978309592,"_wandb":{"runtime":26535},"acc_val_2":0.4050972938583674,"_step":19,"acc_val_3":0.29416673381997466,"_timestamp":1.7434677933604252e+09,"best_acc_test_2":0.6103091440078331,"learning_rate":0.0001,"best_avg_acc_val":0.5821137857070845,"best_acc_val_2":0.6148261113205026,"best_acc_test_3":0.7872135220114623,"acc_val_1":0.3899005954180801,"best_acc_val_0":0.40955899825510794,"best_avg_acc_test":0.5733594926420326,"best_acc_test_0":0.3789462067178753}