{"learning_rate":9e-06,"best_acc_val_3":8.646452992514181,"acc_train_3":3.294631452627027,"val_loss":8.484719762347993,"acc_val_0":0.9599577746008331,"_step":49,"best_acc_test_1":5.869014953623749,"_runtime":4198.366399403,"acc_val_1":1.657087611483589,"acc_val_2":2.346858923682398,"best_avg_acc_val":6.589209357134674,"train_loss":6.112342820238712,"acc_train_2":2.1630153222996893,"acc_train_0":0.842624525481665,"_wandb":{"runtime":4217},"best_acc_val_1":5.966315312204644,"best_acc_test_0":4.637628762758252,"best_acc_val_0":4.7127876276467395,"acc_val_3":3.459206957161745,"best_avg_acc_test":6.514665365817379,"best_acc_val_2":7.031281496173134,"best_acc_test_3":8.597131621895949,"best_acc_test_2":6.954886124991568,"acc_train_1":1.5010466991464448,"_timestamp":1.743481039088907e+09,"epoch":50}