{"best_avg_acc_test":0.5926652137733901,"_timestamp":1.742865139850185e+09,"_runtime":8688.582025451,"best_avg_acc_val":0.5883461384955897,"train_loss":0.21946533682172295,"_wandb":{"runtime":8724},"val_loss":0.2450607360863104,"acc_val_3":0.3708285440419746,"best_acc_test_0":0.5612130153057371,"acc_train_2":0.4881749021043876,"best_acc_val_3":0.8247926089354178,"best_acc_val_1":0.49310622133501975,"acc_train_3":0.35755039562454477,"acc_val_2":0.48395076251817076,"best_acc_test_1":0.49519690493571256,"best_acc_val_2":0.4864111477025812,"learning_rate":0.005904900000000002,"best_acc_val_0":0.5490745760093397,"acc_train_1":0.44355371457817167,"acc_train_0":0.30484433159904684,"acc_val_1":0.48588449968405306,"best_acc_test_3":0.7997301033019334,"acc_val_0":0.3106863102428192,"_step":49,"epoch":50,"best_acc_test_2":0.5145208315501772}