{"best_acc_val_1":0.5244223170944651,"acc_val_3":0.3634304529240589,"train_loss":0.19901860542465885,"acc_train_0":0.29416249054654864,"acc_train_1":0.4205209476730497,"learning_rate":0.0006561000000000001,"_wandb":{"runtime":16723},"_timestamp":1.7428731004253368e+09,"best_acc_test_1":0.5060218522408635,"best_avg_acc_test":0.5587515429223201,"val_loss":0.20231241738893152,"best_acc_test_3":0.7986052892634007,"best_acc_val_3":0.7794511256769684,"epoch":50,"acc_val_2":0.467864400788979,"_step":49,"best_avg_acc_val":0.5642841862390515,"_runtime":16676.370936364,"best_acc_test_0":0.3572823445081799,"best_acc_val_2":0.5681257840466837,"best_acc_test_2":0.5730966856768364,"acc_train_2":0.4680462256359424,"acc_val_1":0.4410619527795156,"acc_train_3":0.3437385974461141,"acc_val_0":0.30096515155465087,"best_acc_val_0":0.385137518138089}