{"best_acc_val_3":0.6055790011197459,"_runtime":26515.033811016,"best_acc_test_1":0.6427609406460301,"acc_train_0":0.25258026368869235,"best_avg_acc_val":0.6115469783273608,"acc_val_1":0.7096562619321692,"acc_train_3":0.32683284864613577,"_wandb":{"runtime":26632},"acc_val_3":0.36798633808858044,"acc_train_1":0.39025613064481274,"acc_train_2":0.4231021300340324,"best_acc_test_2":0.6631953569576022,"best_acc_val_2":0.6738422052948622,"best_avg_acc_test":0.5947603682054506,"acc_val_2":0.5398326683925968,"best_acc_val_1":0.6512681253505559,"val_loss":0.5080286678744526,"best_acc_test_3":0.5964768711389414,"learning_rate":0.006561000000000002,"_step":49,"acc_val_0":0.6708965156051703,"_timestamp":1.7434586715583196e+09,"best_acc_test_0":0.4766083040792287,"epoch":50,"train_loss":0.23429277149025837,"best_acc_val_0":0.5154985815442793}