{"acc_train_0":0.3130176954061376,"_runtime":6564.495494111,"_step":49,"_wandb":{"runtime":6596},"best_acc_val_0":0.5630304222850618,"acc_train_3":0.35185617610796005,"val_loss":0.22721209249845364,"best_avg_acc_val":0.7193299083485407,"acc_val_3":0.3604529096032962,"acc_val_2":0.4761127081176036,"best_avg_acc_test":0.7188891742323281,"epoch":50,"acc_train_2":0.49276206492510966,"acc_val_1":0.46356419708483065,"_timestamp":1.7427657622706084e+09,"best_acc_val_3":1.0520073539770007,"best_acc_val_2":0.6376884115272982,"acc_val_0":0.3326195938623562,"learning_rate":0.007290000000000001,"best_acc_test_3":1.0603407650485401,"acc_train_1":0.447751733389445,"best_acc_test_2":0.6413823622828922,"best_acc_test_1":0.614846254640215,"best_acc_val_1":0.6245934456048022,"train_loss":0.22672008653090422,"best_acc_test_0":0.5589873149576652}