{"acc_train_2":6.3038176037818525,"best_acc_val_1":6.99971909661855,"acc_train_3":7.600287275045653,"_runtime":3788.387575378,"best_acc_val_2":7.948588280764864,"_wandb":{"runtime":3803},"acc_val_2":6.066110122005322,"best_avg_acc_test":7.528512445819562,"val_loss":35.65023763392999,"learning_rate":1e-06,"best_avg_acc_val":7.50650904727228,"acc_val_0":3.8022859072700297,"best_acc_val_0":5.394505225134303,"best_acc_test_1":7.001960049927513,"acc_train_1":5.501951783986592,"best_acc_test_3":9.68494806355366,"acc_train_0":4.027790501844033,"best_acc_test_2":7.976851049631481,"epoch":50,"_timestamp":1.7434359831249838e+09,"acc_val_1":5.297318396987063,"acc_val_3":7.378492848794803,"best_acc_test_0":5.450290620165594,"_step":49,"best_acc_val_3":9.683223586571403,"train_loss":37.23188780412199}