{"best_acc_val_3":0.3763209447653162,"acc_val_3":0.38384098198782074,"train_loss":0.2369775338527916,"best_acc_test_1":0.8180663322763944,"acc_val_1":0.46917577184759823,"_wandb":{"runtime":15739},"best_acc_val_0":0.5336018639758524,"_timestamp":1.74277481167272e+09,"best_acc_val_1":0.8062099487005511,"best_avg_acc_val":0.631581776475846,"learning_rate":0.007290000000000001,"best_acc_test_0":0.5169059537469842,"_runtime":15613.693343249,"best_acc_test_3":0.36124937606821017,"acc_train_2":0.5022672343784335,"acc_train_0":0.3147816987043559,"acc_train_1":0.4643832613379698,"acc_train_3":0.35551248971306476,"acc_val_2":0.4964163018564755,"best_avg_acc_test":0.62561721781704,"_step":49,"best_acc_val_2":0.8101943484616639,"best_acc_test_2":0.8062472091765714,"val_loss":0.28587395800807613,"acc_val_0":0.39205785232493334,"epoch":50}