{"acc_val_3":0.3081647821200612,"_step":49,"_runtime":9116.973621172,"best_avg_acc_val":0.8444895313617182,"epoch":50,"best_acc_val_0":0.6690404218378047,"acc_val_0":0.4434929927678015,"best_acc_test_3":1.2124940479637971,"acc_val_2":0.4639150698328456,"acc_val_1":0.4810583968388442,"acc_train_0":0.3343755720069152,"best_acc_val_3":1.2531432507349276,"acc_train_1":0.42815434466504293,"acc_train_3":0.35755890805633483,"best_acc_test_2":0.6808865525001189,"acc_train_2":0.4585865397462412,"_timestamp":1.743485958732021e+09,"learning_rate":0.005904900000000002,"best_acc_val_2":0.6721931799529861,"_wandb":{"runtime":9161},"val_loss":0.30755632824841,"best_avg_acc_test":0.8246617320134824,"best_acc_val_1":0.7835812729211549,"best_acc_test_1":0.7593243438783769,"train_loss":0.28396502177621485,"best_acc_test_0":0.6459419837116371}