{"acc_train_0":0.18144367900103112,"_runtime":14358.988725515,"best_avg_acc_test":4.241305649751224,"best_acc_test_0":3.0626609633523763,"learning_rate":0.0001,"val_loss":0.21011891052836462,"best_avg_acc_val":4.368568268115456,"best_acc_val_0":3.1725410002041414,"train_loss":0.16141006492047977,"acc_val_2":0.38638758221042335,"epoch":50,"acc_val_0":0.2737857196525228,"acc_val_1":0.3897299845609635,"acc_train_3":0.2556007818801979,"best_acc_test_3":5.639862400139073,"_step":49,"best_acc_val_1":3.716993886923208,"best_acc_test_1":3.5715747641469457,"best_acc_val_2":4.828236277370574,"_wandb":{"runtime":14411},"acc_val_3":0.2645136121454193,"best_acc_val_3":5.756501907963899,"best_acc_test_2":4.6911244713665035,"_timestamp":1.7434912339015813e+09,"acc_train_1":0.3108771715434426,"acc_train_2":0.3536000678899424}