{"best_acc_test_1":3.988820909433664,"acc_val_3":0.34194680670641947,"acc_train_1":0.34489941153601944,"best_acc_test_3":6.077016669165463,"acc_train_2":0.3887612050921203,"val_loss":0.16541345659794846,"epoch":50,"_runtime":16816.913990687,"best_acc_val_3":6.1325202144084665,"acc_val_1":0.4079563249899784,"_wandb":{"runtime":16869},"acc_train_0":0.2716311773363577,"best_avg_acc_val":4.443321631122016,"acc_val_2":0.4379263908451887,"best_acc_test_2":4.665481894075967,"learning_rate":9e-05,"_step":49,"train_loss":0.11527115494220033,"best_acc_test_0":2.9439592352354182,"_timestamp":1.7428732409686477e+09,"best_avg_acc_test":4.418819676977628,"best_acc_val_0":2.9274318375932666,"acc_train_3":0.31625122446726883,"best_acc_val_1":4.0220482104543445,"acc_val_0":0.28576756464607445,"best_acc_val_2":4.691286262031986}