{"best_acc_test_3":0.5316469524653783,"acc_train_3":0.3566350695058339,"acc_val_3":0.3518232942504381,"best_acc_val_0":1.1125851492366263,"_step":49,"_runtime":14117.086175663,"best_acc_val_2":0.6420017014912153,"best_acc_val_3":0.4962908374381834,"best_avg_acc_val":0.7321282491255001,"_wandb":{"runtime":14189},"_timestamp":1.7434909943024197e+09,"learning_rate":0.005314410000000002,"acc_train_1":0.47511090502717807,"train_loss":0.3225651881790226,"acc_val_1":0.6382307805237905,"best_acc_test_2":0.6845237312568655,"acc_val_0":0.6722110956527529,"best_avg_acc_test":0.7764068917887448,"epoch":50,"best_acc_test_1":0.7325333246120918,"best_acc_val_1":0.6776353083359753,"val_loss":0.518311741806212,"acc_val_2":0.6112055478255899,"acc_train_0":0.3801099852966281,"acc_train_2":0.4908540232828971,"best_acc_test_0":1.1569235588206435}