{"acc_val_3":0.35898664775451633,"best_acc_test_3":6.058717016663483,"best_acc_test_1":4.6135917373734605,"acc_train_1":0.3423096431110703,"epoch":50,"best_avg_acc_val":4.83781539892265,"best_acc_test_0":3.143999374140531,"best_avg_acc_test":4.746526467367256,"acc_val_1":0.40636662659983686,"learning_rate":9e-05,"best_acc_val_2":5.26459847999026,"best_acc_val_1":4.692873509026984,"_wandb":{"runtime":16755},"train_loss":0.11214110749068984,"acc_val_2":0.4532865377584851,"_timestamp":1.7427758925708728e+09,"best_acc_test_2":5.169797741291551,"_runtime":16694.602553787,"acc_train_3":0.3144557334671398,"_step":49,"best_acc_val_3":6.224921700034616,"acc_train_2":0.3832481104543229,"acc_train_0":0.2704932063574126,"val_loss":0.18347809554600134,"acc_val_0":0.28791796106712036,"best_acc_val_0":3.1688679066387384}