{"best_avg_acc_val":5.5717313268375035,"acc_train_2":0.313682689684378,"_timestamp":1.7434364854944274e+09,"best_acc_val_3":7.457096547827134,"train_loss":0.12525381854069467,"best_avg_acc_test":5.524421092255706,"best_acc_test_2":5.661991353336906,"best_acc_val_2":5.713001220683608,"best_acc_val_1":5.184632504406825,"_runtime":4290.779866162,"best_acc_test_1":5.1322494711435835,"val_loss":0.1757225794036214,"learning_rate":0.0001,"acc_val_0":0.17050486009555182,"epoch":50,"acc_train_0":0.15248724103295913,"acc_val_3":0.2759487619851115,"acc_train_3":0.24123982935942528,"_step":49,"acc_val_2":0.37820992238015866,"_wandb":{"runtime":4322},"best_acc_val_0":3.932195034432446,"best_acc_test_0":3.944146203536429,"best_acc_test_3":7.359297341005907,"acc_train_1":0.2668563223502013,"acc_val_1":0.31145005575264134}