{"acc_val_0":0.20117344882415997,"best_acc_test_3":8.092089207836905,"best_avg_acc_test":5.8974401375942715,"best_acc_val_0":4.296404315608632,"acc_val_3":0.2836573932694731,"learning_rate":9e-05,"val_loss":0.18579534796022235,"best_acc_val_3":8.11676286292911,"acc_train_1":0.3233763800307794,"acc_train_3":0.2759499549373328,"best_acc_test_0":4.233880687171122,"best_acc_test_2":6.200244420603307,"epoch":50,"_wandb":{"runtime":5551},"acc_train_2":0.370308083139284,"best_acc_val_1":5.150539543623987,"acc_train_0":0.1916078884615202,"best_acc_test_1":5.063546234765752,"best_avg_acc_val":5.9579653876025676,"acc_val_1":0.3327926045042554,"train_loss":0.17476526284881008,"best_acc_val_2":6.26815482824854,"_step":49,"acc_val_2":0.3750526880015968,"_timestamp":1.7434823709797544e+09,"_runtime":5498.338041915}