{"epoch":20,"_wandb":{"runtime":25854},"acc_val_2":0.5218937243043699,"best_acc_test_3":2.852964882435418,"best_acc_val_1":3.028847145339583,"_runtime":25606.319205151,"acc_val_3":0.542048433024628,"best_acc_test_0":3.137822359940138,"learning_rate":0.008100000000000001,"best_acc_val_0":3.148853444075077,"best_avg_acc_test":3.0078077346363914,"_timestamp":1.7434670674293203e+09,"best_acc_test_2":3.0122155556162786,"best_acc_test_1":3.0282281405537317,"val_loss":1.4263190454906887,"best_avg_acc_val":3.036164691262699,"acc_val_1":0.5271127030633217,"best_acc_val_3":2.931754979106558,"_step":19,"best_acc_val_2":3.0352031965295794,"train_loss":1.0744845728861268,"acc_val_0":0.4085293771313957}