{"acc_val_1":1.3527172205495985,"acc_val_2":1.6782389175673904,"best_acc_test_0":4.4795097894593745,"_runtime":10978.483103915,"_wandb":{"runtime":11011},"epoch":50,"best_acc_test_1":5.546605064053899,"learning_rate":1e-05,"best_acc_val_0":4.416732036359252,"best_acc_test_2":6.446148689083404,"best_avg_acc_test":6.189355298801804,"_timestamp":1.7428740459435117e+09,"best_acc_val_1":5.555734430340689,"best_acc_val_3":8.295943837892887,"acc_train_3":1.9382210368867954,"best_avg_acc_val":6.172022318740455,"train_loss":2.8790772096583077,"acc_val_3":2.2354743497738676,"best_acc_test_3":8.285157652610534,"best_acc_val_2":6.419678970368993,"acc_train_1":1.1582442697800548,"val_loss":4.757785473412614,"acc_train_2":1.466119740226218,"acc_train_0":0.8837342126289116,"acc_val_0":1.0032595325910918,"_step":49}