{"epoch":50,"val_loss":0.17325411094882623,"best_acc_test_3":7.14995430461125,"acc_train_2":0.3801652510735394,"best_acc_val_2":5.416390346725642,"best_avg_acc_val":5.086977591764498,"best_acc_val_1":4.726234456169733,"_step":49,"acc_val_1":0.40785441980554266,"best_avg_acc_test":5.106629078676719,"acc_val_2":0.4403178277685896,"acc_train_1":0.3420237964330279,"_runtime":16413.34301541,"_timestamp":1.742775611322349e+09,"best_acc_val_0":3.065915993017498,"best_acc_val_3":7.139369571145121,"best_acc_test_2":5.44752659938458,"best_acc_test_1":4.717104901256582,"_wandb":{"runtime":16463},"acc_val_0":0.2989613339350418,"train_loss":0.11021342676732936,"best_acc_test_0":3.111930509454464,"learning_rate":0.0001,"acc_val_3":0.34745501931086054,"acc_train_3":0.3118368261367742,"acc_train_0":0.27000783499135217}