{"epoch":20,"best_acc_test_1":0.6081341529741864,"best_acc_val_2":0.5678062316235242,"acc_val_1":0.4817480174788017,"_timestamp":1.7434677777473154e+09,"best_acc_val_0":0.4365620196222598,"best_acc_test_2":0.6040875168448315,"_wandb":{"runtime":26522},"_step":19,"acc_val_0":0.3959014573725133,"acc_val_2":0.4750319185740076,"train_loss":0.8201160833394565,"learning_rate":0.0009000000000000001,"best_acc_test_3":0.6428500001937357,"best_acc_test_0":0.46103195563971155,"best_acc_val_3":0.6593126860874352,"best_acc_val_1":0.5619655853795534,"_runtime":26316.637685296,"val_loss":0.9964438061865549,"acc_val_3":0.5036244243272898,"best_avg_acc_val":0.5564116306781932,"best_avg_acc_test":0.5790259064131164}