{"_step":49,"best_acc_test_1":6.550961938224758,"best_acc_val_3":9.640447556479097,"acc_train_2":5.535650783253233,"best_avg_acc_val":7.304098871297555,"acc_val_2":4.8902375353036875,"acc_train_1":4.739592499637023,"train_loss":31.515080656403047,"val_loss":26.258437257472092,"acc_val_0":3.204516558972929,"acc_val_1":4.195980739898917,"best_acc_val_2":7.612901676618419,"best_acc_val_0":5.399314013878659,"best_acc_test_0":5.45538420595036,"best_acc_test_2":7.62943408008093,"_timestamp":1.7428674520125968e+09,"_wandb":{"runtime":11063},"best_acc_val_1":6.563732238214045,"epoch":50,"best_avg_acc_test":7.314745454414556,"acc_train_0":3.670099708766318,"_runtime":11028.285355428,"best_acc_test_3":9.623201593402175,"learning_rate":1e-06,"acc_train_3":7.249834877175436,"acc_val_3":6.580214379887922}