{"acc_val_1":1.1881743700673855,"acc_val_2":1.5217808406392117,"acc_train_1":1.2147598027116344,"acc_val_0":0.7467033542042956,"best_avg_acc_test":6.8097659397007755,"best_acc_test_1":6.380428415403664,"acc_train_3":2.587703411322696,"_timestamp":1.7428629751699677e+09,"_step":49,"best_acc_val_3":8.98353996127688,"best_acc_test_3":8.886062830791353,"acc_val_3":2.674088275832825,"best_acc_test_0":4.895834170877688,"best_acc_val_0":4.900010179026336,"val_loss":4.556330496702737,"best_avg_acc_val":6.854332383822616,"acc_train_0":0.8011014971734434,"_runtime":6555.613569196,"_wandb":{"runtime":6577},"best_acc_val_1":6.421519111470908,"train_loss":4.142399175694754,"epoch":50,"best_acc_val_2":7.1122602835163375,"learning_rate":1e-05,"acc_train_2":1.549972686189856,"best_acc_test_2":7.0767383417303975}