{"acc_train_0":0.3728316280351828,"best_acc_test_1":1.0413662541099735,"acc_val_1":0.5165436726658159,"_wandb":{"runtime":13597},"best_acc_val_1":1.083996825215664,"_timestamp":1.7434903678022711e+09,"best_acc_val_0":1.2034808252411684,"acc_val_2":0.5250325269966366,"best_acc_test_3":0.7191093921181398,"best_acc_test_0":1.1572951187265434,"acc_val_3":0.9165407839911316,"best_avg_acc_val":1.004891675686794,"epoch":50,"acc_train_1":0.4643622328989979,"_step":49,"acc_train_2":0.4800216015496667,"train_loss":0.3179273552778133,"_runtime":13523.887656891,"acc_train_3":0.3915465345260556,"acc_val_0":0.47514215154149547,"best_avg_acc_test":0.9909480028463576,"best_acc_test_2":1.0460212464307743,"learning_rate":0.005904900000000002,"best_acc_val_2":1.0586572411850055,"best_acc_val_3":0.6734318111053381,"val_loss":0.5631643309479668}