{"_timestamp":1.743491237212142e+09,"acc_train_3":2.315232115007922,"_wandb":{"runtime":14413},"acc_val_1":1.4058567652965475,"best_acc_val_3":7.757405932322153,"best_avg_acc_test":6.042126798699218,"best_avg_acc_val":6.122831368919514,"best_acc_val_2":6.820977760704236,"val_loss":5.228056439899263,"best_acc_test_0":4.376565013804738,"acc_train_1":1.265144925389953,"learning_rate":1e-05,"acc_val_3":2.4561360527774174,"best_acc_test_3":7.69530362329123,"epoch":50,"best_acc_test_1":5.353745124647574,"train_loss":4.0192971773031125,"acc_train_2":1.8022220025106226,"_step":49,"best_acc_test_2":6.742893433053332,"acc_val_0":1.0785954923171854,"acc_val_2":1.9616211544080155,"best_acc_val_0":4.456095306650248,"best_acc_val_1":5.456846476001418,"_runtime":14362.29647899,"acc_train_0":0.9582423076654978}