{"acc_train_3":0.2351384613113645,"acc_val_1":0.3116461196144918,"best_avg_acc_val":4.614507483814696,"train_loss":0.11981771286330936,"best_acc_val_1":4.191892711195473,"val_loss":0.17010176702728116,"epoch":50,"_step":49,"best_acc_test_0":3.0870861439573853,"acc_val_2":0.37214301129475924,"best_acc_val_0":3.020152510466473,"best_acc_val_2":5.049784769155278,"acc_train_2":0.3079665833842429,"best_avg_acc_test":4.651681513707129,"acc_train_0":0.1510767010423145,"best_acc_test_3":6.217511789455213,"acc_train_1":0.26044462130533325,"acc_val_0":0.18565646755112353,"best_acc_test_2":5.093285411943019,"learning_rate":9e-05,"best_acc_val_3":6.196199944441563,"_timestamp":1.7434483541233451e+09,"_wandb":{"runtime":16203},"best_acc_test_1":4.2088427094729,"_runtime":16159.40693702,"acc_val_3":0.2695220184393164}