{"acc_train_0":0.30820948270752313,"acc_train_1":0.4486699946651488,"acc_train_2":0.48939846960848343,"best_acc_test_0":0.6042975949678008,"acc_val_2":0.4836840098063872,"best_acc_test_3":0.3484782336622288,"best_acc_val_3":0.36829192438858305,"epoch":50,"acc_val_0":0.3352404275436197,"val_loss":0.23967825469931936,"acc_val_1":0.4605422585582466,"best_avg_acc_test":0.676663678139326,"best_acc_val_1":0.9133378759004702,"best_acc_test_2":0.82290322739809,"best_acc_val_2":0.8317233462542999,"_timestamp":1.7428730545603282e+09,"best_acc_test_1":0.9309756565291848,"acc_val_3":0.37425819700237206,"_step":49,"best_avg_acc_val":0.6914385972020753,"_runtime":16630.497708424,"acc_train_3":0.36168809615555947,"_wandb":{"runtime":16687},"learning_rate":0.005904900000000002,"train_loss":0.22601727018972398,"best_acc_val_0":0.6524012422649481}