{"_step":49,"best_acc_test_0":5.302422651371334,"best_acc_val_2":8.114664475335331,"train_loss":34.243213332653696,"best_acc_val_0":5.35582916905514,"acc_val_1":4.685005972356711,"acc_train_3":7.449929779656905,"acc_train_1":4.564345389655817,"learning_rate":8.1e-07,"_wandb":{"runtime":7733},"epoch":50,"_runtime":7708.038915758,"best_acc_test_1":6.2973903459320635,"val_loss":35.68960956391834,"acc_val_3":7.475940207675313,"best_acc_val_3":9.671983533849133,"acc_train_0":3.9315044305743334,"acc_val_0":4.0426908012103695,"best_avg_acc_val":7.383459880650524,"best_avg_acc_test":7.3203761580237,"_timestamp":1.7434845859408386e+09,"best_acc_test_2":8.042724397076856,"acc_train_2":6.208421072790605,"best_acc_test_3":9.638967237714544,"acc_val_2":6.287097706900829,"best_acc_val_1":6.391362344362493}