{"best_acc_val_1":0.5208036376665542,"learning_rate":0.005904900000000002,"_runtime":16560.775142758,"best_acc_test_2":0.5117844208970915,"best_acc_test_3":0.9156186915839567,"acc_val_1":0.47405182844396077,"_timestamp":1.7427757483404958e+09,"acc_train_0":0.3223136780225992,"best_acc_val_3":0.8946367388970337,"acc_train_2":0.4976285273878758,"best_acc_val_0":0.5517677276638512,"best_avg_acc_test":0.6107661188905325,"val_loss":0.2523613608464962,"acc_train_1":0.46244610714187606,"train_loss":0.23885908006309495,"acc_val_3":0.37907123696822326,"best_acc_test_0":0.489162924545048,"best_acc_val_2":0.4923864004154392,"acc_val_2":0.5179850435143049,"best_acc_test_1":0.5264984385360335,"acc_train_3":0.3524295287063388,"best_avg_acc_val":0.6148986261607196,"acc_val_0":0.3157513692134192,"_step":49,"epoch":50,"_wandb":{"runtime":16608}}