{"val_loss":30.813338938767348,"best_acc_test_1":6.387840592296137,"_wandb":{"runtime":9171},"acc_val_3":7.078739072849223,"_timestamp":1.743442735058669e+09,"acc_train_2":5.694377252373992,"acc_train_1":4.381981470781588,"best_acc_val_2":7.748114292291003,"best_acc_test_2":7.766711576444075,"_step":49,"learning_rate":1e-06,"epoch":50,"best_acc_test_3":9.627588284481309,"_runtime":8981.079598214,"best_acc_val_3":9.643572072861826,"acc_val_2":5.623158139443838,"acc_val_0":3.4112286808522683,"best_acc_val_1":6.392020851368235,"train_loss":30.456208835747677,"acc_train_0":3.52106474481812,"acc_train_3":7.082122681038597,"best_acc_val_0":5.0654338844762,"best_avg_acc_test":7.224486812794866,"best_acc_test_0":5.115806797957943,"best_avg_acc_val":7.212285275249316,"acc_val_1":4.3224398931510315}