{"best_acc_test_0":0.4679692020425411,"best_acc_val_1":0.5272580516198726,"acc_val_3":0.3143371534612966,"acc_train_0":0.22063061463904127,"acc_val_1":0.35891774554727945,"best_acc_val_3":0.642342941922699,"best_acc_test_2":0.5646511116994468,"best_acc_test_1":0.5249712948279006,"_runtime":28080.453398235,"_step":49,"val_loss":0.2143674156045526,"train_loss":0.2008623513948876,"acc_val_2":0.41004757837980615,"best_acc_val_0":0.4893960767804202,"acc_train_1":0.3584497157684529,"learning_rate":0.0006561000000000001,"acc_train_3":0.2994326331149068,"best_acc_test_3":0.6416824065862747,"acc_train_2":0.39539127665777063,"best_acc_val_2":0.5466438190367268,"acc_val_0":0.2317515070081633,"best_avg_acc_test":0.5498185037890408,"best_avg_acc_val":0.5514102223399296,"_wandb":{"runtime":28157},"_timestamp":1.743460236307449e+09,"epoch":50}