{"best_avg_acc_test":0.5378418523547988,"acc_val_1":0.4509140985737864,"val_loss":0.2264417746687323,"acc_train_1":0.4243414628071309,"acc_val_0":0.30178686073600947,"best_acc_test_0":0.4983805695679296,"best_acc_val_2":0.6073592285216259,"best_acc_val_3":0.37740074044122535,"best_acc_test_3":0.36118624150267487,"_timestamp":1.7427758341066418e+09,"best_acc_val_1":0.7010804683276448,"_wandb":{"runtime":16689},"best_acc_val_0":0.5050241489717646,"learning_rate":0.0006561000000000001,"acc_val_2":0.49458753995106,"acc_train_2":0.47260691771502655,"_runtime":16636.150945207,"epoch":50,"acc_train_0":0.29694742582292744,"train_loss":0.20183467840816857,"acc_train_3":0.34646458658557644,"best_avg_acc_val":0.5477161465655652,"acc_val_3":0.3677344334403093,"_step":49,"best_acc_test_2":0.5980605852774369,"best_acc_test_1":0.693740013071154}