{"acc_val_2":0.5589541904842006,"best_acc_test_1":1.0560713659061636,"acc_train_3":0.33657882839510317,"_wandb":{"runtime":6301},"learning_rate":0.006561000000000002,"val_loss":0.3351021180065667,"best_acc_test_2":0.7691025091880849,"acc_train_2":0.42268299708150153,"best_avg_acc_test":0.7386490538023978,"epoch":50,"acc_train_1":0.38809834988828956,"_step":49,"acc_train_0":0.2558556870397723,"best_acc_val_2":0.7747310401880837,"best_acc_test_3":0.3463264278402901,"best_acc_val_0":0.7833211235424264,"best_acc_val_1":1.0110249272708411,"best_avg_acc_val":0.7343250616362124,"_timestamp":1.743438397768911e+09,"best_acc_test_0":0.7830959122750524,"acc_val_3":0.33531305983109017,"best_acc_val_3":0.36822315554349805,"train_loss":0.23534472257347813,"acc_val_0":0.3467603964879509,"_runtime":6241.972447768,"acc_val_1":0.573552189587114}