{"acc_train_2":5.3861914546741225,"_step":49,"acc_val_3":8.005832391302995,"best_acc_test_2":7.342425656172534,"_timestamp":1.7428737556040027e+09,"train_loss":29.411618578613563,"learning_rate":9e-07,"best_acc_test_1":6.467974438101966,"best_acc_test_0":4.908961022144982,"best_acc_val_0":4.885667371996345,"best_acc_test_3":9.331961023898424,"best_avg_acc_val":7.033095581240361,"acc_train_1":4.5228952369425395,"best_avg_acc_test":7.012830535079477,"acc_val_1":5.200235975082463,"best_acc_val_2":7.358089983533576,"acc_train_3":7.010824461121777,"val_loss":38.54051580661681,"acc_val_0":3.857672384498989,"acc_train_0":3.3548398356598574,"best_acc_val_3":9.390312337991539,"_wandb":{"runtime":10731},"acc_val_2":6.1669023987608,"_runtime":10688.143717922,"epoch":50,"best_acc_val_1":6.498312631439985}