{"train_loss":2.8664426527321685,"best_avg_acc_test":6.125667083531485,"acc_train_3":1.892019231230362,"best_acc_test_1":5.668230513041288,"best_acc_test_2":6.2613948935205,"acc_train_2":1.3683016030660213,"acc_train_0":0.8984233465819093,"_wandb":{"runtime":27459},"acc_train_1":1.22526530542947,"acc_val_3":1.8404672244826759,"best_acc_test_0":4.75987060384608,"acc_val_2":1.3076660244443092,"best_acc_val_0":4.730867505963341,"acc_val_0":0.856803316714046,"best_avg_acc_val":6.158878308879887,"epoch":50,"_step":49,"best_acc_val_3":7.897767145550581,"_timestamp":1.7434595407361636e+09,"best_acc_val_1":5.7097163448850345,"_runtime":27384.905851236,"acc_val_1":1.1758138679574341,"best_acc_val_2":6.2971622391205875,"best_acc_test_3":7.813172323718071,"val_loss":2.8804643425515026,"learning_rate":1e-05}