{"best_acc_test_3":9.770802735122949,"best_avg_acc_test":7.3440420138351215,"train_loss":36.35597272999736,"_wandb":{"runtime":5468},"best_acc_val_2":7.814685677913462,"_step":49,"best_acc_test_1":6.589323646049825,"epoch":50,"acc_val_0":3.9197940413055856,"_runtime":5434.153003204,"acc_train_1":5.002730173884532,"best_acc_val_3":9.808561913980386,"best_acc_test_2":7.742115063118491,"acc_train_2":6.176610396734148,"best_acc_val_1":6.677222126231703,"learning_rate":7.29e-07,"acc_val_1":4.733572561013835,"acc_val_3":7.325296951835885,"best_acc_test_0":5.2739266110492204,"acc_train_3":7.811017560542956,"acc_val_2":5.858197523320822,"acc_train_0":4.090919743860759,"_timestamp":1.7434822780674675e+09,"val_loss":33.295251937139604,"best_avg_acc_val":7.411971065846892,"best_acc_val_0":5.347414545262016}