{"best_acc_test_1":5.889434341809377,"acc_train_1":1.2590311835123305,"acc_train_2":1.4549937009041318,"best_acc_val_3":7.642459720410786,"_runtime":15980.983267728,"acc_train_0":0.8333226340298798,"best_acc_val_1":5.922348472274913,"val_loss":3.2116610209147134,"acc_val_0":0.8365589450787748,"_step":49,"_wandb":{"runtime":16037},"learning_rate":1e-05,"_timestamp":1.742775178962469e+09,"best_acc_test_3":7.547221821441049,"best_acc_val_2":6.428567913200048,"acc_train_3":1.8385404838371822,"best_avg_acc_val":6.0589230110687495,"acc_val_2":1.47658840373513,"best_acc_test_0":4.266816096162901,"best_acc_test_2":6.388365796471026,"best_acc_val_0":4.242315938389249,"acc_val_3":1.9410993009891684,"best_avg_acc_test":6.022959513971088,"acc_val_1":1.2747375310868854,"epoch":50,"train_loss":2.8016660644447264}