{"best_acc_test_3":9.882169849939807,"epoch":50,"best_acc_val_2":7.952555985294134,"best_avg_acc_val":7.421454792406529,"best_acc_val_0":4.943249243648963,"acc_val_0":3.7067390154336204,"acc_train_2":5.8692061821987895,"acc_val_2":6.007682782968753,"acc_train_0":3.5380671036403633,"best_avg_acc_test":7.35387240602617,"best_acc_val_3":9.910810195769072,"best_acc_val_1":6.879203744913944,"best_acc_test_1":6.7756019030075,"learning_rate":7.29e-07,"acc_val_3":7.518274061932815,"_step":49,"train_loss":32.70107898686278,"best_acc_test_0":4.895491908194539,"acc_train_3":7.421332284638223,"_wandb":{"runtime":14485},"acc_train_1":4.709048912846443,"_runtime":14445.483296175,"_timestamp":1.7434913204170783e+09,"val_loss":35.177491142636256,"best_acc_test_2":7.862225962962834,"acc_val_1":4.882538981700711}