{"acc_train_3":1.709815887656072,"best_acc_val_0":3.8931883015305035,"val_loss":3.0812353041113876,"epoch":50,"acc_train_0":0.8497532898377155,"best_acc_val_3":7.3288343963922085,"acc_train_2":1.4799064087565754,"train_loss":2.596562824547636,"_step":49,"acc_val_3":1.8233598032762655,"_runtime":12381.887630887,"best_avg_acc_val":5.839487094771297,"best_acc_val_1":5.43383115154911,"acc_val_0":0.861925612865685,"best_avg_acc_test":5.800526412479801,"learning_rate":1e-05,"best_acc_test_3":7.236540581902914,"best_acc_test_2":6.681293666702776,"acc_val_2":1.5417662632707603,"best_acc_test_1":5.38348045981093,"best_acc_test_0":3.9007909415025845,"acc_val_1":1.2365985617850186,"_wandb":{"runtime":12420},"acc_train_1":1.1895966593622944,"_timestamp":1.7428687833398058e+09,"best_acc_val_2":6.702094529613365}