{"_timestamp":1.7434561581878283e+09,"learning_rate":1e-05,"train_loss":0.41890774964477506,"epoch":20,"val_loss":0.44914027197020395,"best_acc_val_1":0.8740381640624832,"best_acc_val_3":2.283742157909358,"acc_val_2":0.42140035613802435,"best_acc_test_2":1.2218310210301686,"acc_val_3":0.3436316870865505,"acc_val_1":0.37130102604006066,"best_acc_val_0":0.3931750369446605,"best_acc_test_3":2.238107816846464,"best_avg_acc_val":1.2101724134187442,"_wandb":{"runtime":14988},"best_acc_test_1":0.7989049438765169,"acc_val_0":0.23966322360715833,"best_acc_test_0":0.38943077043760516,"_runtime":14638.943647094,"_step":19,"best_avg_acc_test":1.1620686380476886,"best_acc_val_2":1.289734294758474}