{"best_acc_val_3":7.802376752406795,"best_avg_acc_val":5.737096128037242,"best_acc_test_1":5.344857478278203,"best_acc_test_3":7.7699446853378324,"learning_rate":0.0001,"_timestamp":1.7427659148708525e+09,"acc_val_3":0.35724071451364947,"epoch":50,"best_acc_val_2":6.312119432221817,"best_avg_acc_test":5.73278160700313,"val_loss":0.1778849952104615,"acc_train_2":0.4016439090634641,"acc_train_1":0.3591365877342572,"train_loss":0.12989217367536915,"_step":49,"_runtime":6717.096038682,"acc_val_0":0.2938433480621739,"best_acc_val_0":3.4529127169697786,"best_acc_val_1":5.380975610550578,"acc_train_0":0.2754098575734664,"_wandb":{"runtime":6738},"acc_val_1":0.4158390965092935,"acc_train_3":0.32377013919848274,"acc_val_2":0.4450287979126243,"best_acc_test_0":3.4893929239093695,"best_acc_test_2":6.3269313404871115}