{"epoch":50,"_timestamp":1.742862942982829e+09,"train_loss":0.13214226932991144,"best_acc_test_0":3.917223093398305,"best_acc_test_3":7.681757716161404,"best_avg_acc_val":5.921010555530129,"best_acc_val_2":6.578404312834323,"best_acc_val_0":3.8978120391034756,"acc_val_2":0.4526415333421541,"best_acc_val_3":7.743199291601487,"_step":49,"_runtime":6491.713660832,"best_acc_val_1":5.46462657858123,"acc_val_0":0.2902832199777721,"acc_train_1":0.3603457892639295,"best_acc_test_1":5.441098429798273,"acc_val_3":0.3475071263725146,"acc_train_0":0.2757221178010875,"acc_train_2":0.4076553942416306,"best_acc_test_2":6.583329575444886,"_wandb":{"runtime":6517},"learning_rate":0.0001,"best_avg_acc_test":5.905852203700717,"acc_train_3":0.3243157700080286,"acc_val_1":0.42066163457962974,"val_loss":0.17782458444920982}