{"best_acc_test_0":5.253473395591268,"learning_rate":1e-06,"acc_train_0":3.9342465278279475,"acc_val_1":5.344482179150387,"best_acc_val_2":7.784460482811895,"acc_train_2":6.1863409968238825,"best_acc_test_1":6.941795245091314,"acc_val_3":7.214254624638915,"_step":49,"_timestamp":1.7428630044086025e+09,"acc_val_2":5.738144182962326,"_wandb":{"runtime":6610},"acc_train_3":7.760377434325596,"acc_val_0":3.648502905881796,"best_acc_test_2":7.802483407879856,"best_avg_acc_val":7.443100442259409,"val_loss":33.27910040258392,"epoch":50,"best_acc_val_0":5.200149163092028,"_runtime":6580.758554138,"best_avg_acc_test":7.461303705014657,"train_loss":37.3621599588582,"best_acc_val_1":6.929885230230394,"best_acc_val_3":9.857906892903317,"acc_train_1":5.57732295275299,"best_acc_test_3":9.847462771496192}