{"best_acc_test_1":0.5739216916018155,"best_acc_val_2":0.6051810393067043,"acc_val_0":0.2738352123948743,"best_acc_test_0":0.5209400596557449,"acc_train_1":0.35665397665437676,"acc_val_2":0.4159944481931361,"best_acc_val_0":0.5262576025008869,"train_loss":0.2029445023725925,"best_acc_val_3":0.7153248075308758,"_step":49,"best_acc_test_2":0.6361582636026987,"best_acc_val_1":0.5721185201185743,"acc_train_3":0.3035463375331647,"best_avg_acc_val":0.6047204923642604,"acc_train_0":0.21790091096231434,"_runtime":15974.022506888,"acc_val_1":0.3850308915362469,"acc_train_2":0.3949378305227269,"learning_rate":0.0006561000000000001,"best_avg_acc_test":0.612205076248244,"best_acc_test_3":0.7178002901327167,"_wandb":{"runtime":16019},"val_loss":0.23200431999152268,"epoch":50,"acc_val_3":0.32269158949553495,"_timestamp":1.7434481687428288e+09}