{"best_acc_test_0":5.41831409409002,"best_acc_val_0":5.382700345390199,"acc_train_3":6.909600014541937,"train_loss":28.85793553967879,"epoch":50,"acc_val_0":3.1950259131253524,"learning_rate":1e-06,"best_avg_acc_test":7.249556019588289,"best_acc_test_2":7.662137101705557,"_timestamp":1.7427682172584596e+09,"best_avg_acc_val":7.2461688749511,"_runtime":9019.48507053,"acc_val_1":3.7635083466739565,"acc_train_2":5.462892558435065,"val_loss":25.735432865173838,"acc_train_1":4.158875442759331,"best_acc_val_2":7.6527411820766424,"best_acc_test_1":6.186959333606373,"acc_train_0":3.538170465118491,"_wandb":{"runtime":9060},"acc_val_3":6.500968157812188,"acc_val_2":5.042240901078779,"best_acc_val_3":9.76773872405106,"best_acc_val_1":6.181495248286498,"_step":49,"best_acc_test_3":9.730813548951208}