{"train_loss":0.20984596335183428,"acc_train_1":0.3615373136387682,"best_acc_val_1":0.5475071225803665,"best_avg_acc_test":0.5974046997457929,"_wandb":{"runtime":4322},"acc_val_2":0.44566663183512045,"best_acc_test_1":0.5416205776534843,"acc_val_1":0.44125185646942083,"_timestamp":1.7434364845111103e+09,"acc_val_0":0.2758181342352721,"acc_train_2":0.3994520818089678,"learning_rate":0.0009000000000000001,"best_acc_val_0":0.5075817692372633,"val_loss":0.2435003207708762,"best_acc_test_2":0.6150512078567502,"best_avg_acc_val":0.5973513810119944,"acc_train_3":0.31884512569327134,"epoch":50,"best_acc_test_3":0.7404125809585598,"_step":49,"best_acc_val_2":0.5874565055037674,"acc_val_3":0.3154991659960375,"acc_train_0":0.22912851465744624,"best_acc_test_0":0.49253443251437784,"best_acc_val_3":0.7468601267265804,"_runtime":4289.795139627}